region	bridge_id	family	linked_account	quantity_kind	benchmark_value_anchor	benchmark_physical_source	physical_unit	benchmark_price_anchor	benchmark_unit_value_rule	simulation_quantity_rule	fallback_value_conversion_rule	status	notes
DE	DE_ELMA_service_output	ELMA	TST_DE_ELMA	service_output	TST_DE_ELMA	family-level use, stock, or turnover evidence	service_unit	P_TST_DE_ELMA	benchmark_unit_value = benchmark_value / benchmark_physical_quantity	Q_t = Q0 * q_t using the model quantity index for the linked account	If only value outputs are exported, recover quantity as value_t / (benchmark_unit_value * relative_price_t)	template	Benchmark service quantity for the family-specific service composite.
DE	DE_ELMA_new_route_output	ELMA	IND_DE_NEW_ELMA	new_route_output	IND_DE_NEW_ELMA	observed benchmark output and product counts	product_unit	P_IND_DE_NEW_ELMA	benchmark_unit_value = benchmark_value / benchmark_physical_quantity	Q_t = Q0 * q_t using the model quantity index for the linked account	If only value outputs are exported, recover quantity as value_t / (benchmark_unit_value * relative_price_t)	template	Benchmark quantity of newly produced CE-RISE products.
DE	DE_ELMA_repair_route_output	ELMA	IND_DE_REP_ELMA	repair_route_output	IND_DE_REP_ELMA	repair-event counts and benchmark route output	product_unit	P_IND_DE_REP_ELMA	benchmark_unit_value = benchmark_value / benchmark_physical_quantity	Q_t = Q0 * q_t using the model quantity index for the linked account	If only value outputs are exported, recover quantity as value_t / (benchmark_unit_value * relative_price_t)	template	Repair quantity anchor; can also be expressed as repaired units.
DE	DE_ELMA_refurbishment_route_output	ELMA	IND_DE_REF_ELMA	refurbishment_route_output	IND_DE_REF_ELMA	constructed route output and refurbishment-unit estimate	product_unit	P_IND_DE_REF_ELMA	benchmark_unit_value = benchmark_value / benchmark_physical_quantity	Q_t = Q0 * q_t using the model quantity index for the linked account	If only value outputs are exported, recover quantity as value_t / (benchmark_unit_value * relative_price_t)	template	Refurbishment quantity anchor.
DE	DE_ELMA_reuse_route_output	ELMA	IND_DE_REU_ELMA	reuse_route_output	IND_DE_REU_ELMA	constructed route output and second-life unit estimate	product_unit	P_IND_DE_REU_ELMA	benchmark_unit_value = benchmark_value / benchmark_physical_quantity	Q_t = Q0 * q_t using the model quantity index for the linked account	If only value outputs are exported, recover quantity as value_t / (benchmark_unit_value * relative_price_t)	template	Reuse quantity anchor.
DE	DE_ELMA_end_of_life_flow	ELMA	EOL_DE_ELMA	end_of_life_flow	EOL_DE_ELMA	retirement or discard estimate by family	product_unit	P_EOL_DE_ELMA	benchmark_unit_value = benchmark_value / benchmark_physical_quantity	Q_t = Q0 * q_t using the model quantity index for the linked account	If only value outputs are exported, recover quantity as value_t / (benchmark_unit_value * relative_price_t)	template	Benchmark end-of-life flow entering route allocation.
DE	DE_OFMA_service_output	OFMA	TST_DE_OFMA	service_output	TST_DE_OFMA	family-level use, stock, or turnover evidence	service_unit	P_TST_DE_OFMA	benchmark_unit_value = benchmark_value / benchmark_physical_quantity	Q_t = Q0 * q_t using the model quantity index for the linked account	If only value outputs are exported, recover quantity as value_t / (benchmark_unit_value * relative_price_t)	template	Benchmark service quantity for the family-specific service composite.
DE	DE_OFMA_new_route_output	OFMA	IND_DE_NEW_OFMA	new_route_output	IND_DE_NEW_OFMA	observed benchmark output and product counts	product_unit	P_IND_DE_NEW_OFMA	benchmark_unit_value = benchmark_value / benchmark_physical_quantity	Q_t = Q0 * q_t using the model quantity index for the linked account	If only value outputs are exported, recover quantity as value_t / (benchmark_unit_value * relative_price_t)	template	Benchmark quantity of newly produced CE-RISE products.
DE	DE_OFMA_repair_route_output	OFMA	IND_DE_REP_OFMA	repair_route_output	IND_DE_REP_OFMA	repair-event counts and benchmark route output	product_unit	P_IND_DE_REP_OFMA	benchmark_unit_value = benchmark_value / benchmark_physical_quantity	Q_t = Q0 * q_t using the model quantity index for the linked account	If only value outputs are exported, recover quantity as value_t / (benchmark_unit_value * relative_price_t)	template	Repair quantity anchor; can also be expressed as repaired units.
DE	DE_OFMA_refurbishment_route_output	OFMA	IND_DE_REF_OFMA	refurbishment_route_output	IND_DE_REF_OFMA	constructed route output and refurbishment-unit estimate	product_unit	P_IND_DE_REF_OFMA	benchmark_unit_value = benchmark_value / benchmark_physical_quantity	Q_t = Q0 * q_t using the model quantity index for the linked account	If only value outputs are exported, recover quantity as value_t / (benchmark_unit_value * relative_price_t)	template	Refurbishment quantity anchor.
DE	DE_OFMA_reuse_route_output	OFMA	IND_DE_REU_OFMA	reuse_route_output	IND_DE_REU_OFMA	constructed route output and second-life unit estimate	product_unit	P_IND_DE_REU_OFMA	benchmark_unit_value = benchmark_value / benchmark_physical_quantity	Q_t = Q0 * q_t using the model quantity index for the linked account	If only value outputs are exported, recover quantity as value_t / (benchmark_unit_value * relative_price_t)	template	Reuse quantity anchor.
DE	DE_OFMA_end_of_life_flow	OFMA	EOL_DE_OFMA	end_of_life_flow	EOL_DE_OFMA	retirement or discard estimate by family	product_unit	P_EOL_DE_OFMA	benchmark_unit_value = benchmark_value / benchmark_physical_quantity	Q_t = Q0 * q_t using the model quantity index for the linked account	If only value outputs are exported, recover quantity as value_t / (benchmark_unit_value * relative_price_t)	template	Benchmark end-of-life flow entering route allocation.
DE	DE_RATV_service_output	RATV	TST_DE_RATV	service_output	TST_DE_RATV	family-level use, stock, or turnover evidence	service_unit	P_TST_DE_RATV	benchmark_unit_value = benchmark_value / benchmark_physical_quantity	Q_t = Q0 * q_t using the model quantity index for the linked account	If only value outputs are exported, recover quantity as value_t / (benchmark_unit_value * relative_price_t)	template	Benchmark service quantity for the family-specific service composite.
DE	DE_RATV_new_route_output	RATV	IND_DE_NEW_RATV	new_route_output	IND_DE_NEW_RATV	observed benchmark output and product counts	product_unit	P_IND_DE_NEW_RATV	benchmark_unit_value = benchmark_value / benchmark_physical_quantity	Q_t = Q0 * q_t using the model quantity index for the linked account	If only value outputs are exported, recover quantity as value_t / (benchmark_unit_value * relative_price_t)	template	Benchmark quantity of newly produced CE-RISE products.
DE	DE_RATV_repair_route_output	RATV	IND_DE_REP_RATV	repair_route_output	IND_DE_REP_RATV	repair-event counts and benchmark route output	product_unit	P_IND_DE_REP_RATV	benchmark_unit_value = benchmark_value / benchmark_physical_quantity	Q_t = Q0 * q_t using the model quantity index for the linked account	If only value outputs are exported, recover quantity as value_t / (benchmark_unit_value * relative_price_t)	template	Repair quantity anchor; can also be expressed as repaired units.
DE	DE_RATV_refurbishment_route_output	RATV	IND_DE_REF_RATV	refurbishment_route_output	IND_DE_REF_RATV	constructed route output and refurbishment-unit estimate	product_unit	P_IND_DE_REF_RATV	benchmark_unit_value = benchmark_value / benchmark_physical_quantity	Q_t = Q0 * q_t using the model quantity index for the linked account	If only value outputs are exported, recover quantity as value_t / (benchmark_unit_value * relative_price_t)	template	Refurbishment quantity anchor.
DE	DE_RATV_reuse_route_output	RATV	IND_DE_REU_RATV	reuse_route_output	IND_DE_REU_RATV	constructed route output and second-life unit estimate	product_unit	P_IND_DE_REU_RATV	benchmark_unit_value = benchmark_value / benchmark_physical_quantity	Q_t = Q0 * q_t using the model quantity index for the linked account	If only value outputs are exported, recover quantity as value_t / (benchmark_unit_value * relative_price_t)	template	Reuse quantity anchor.
DE	DE_RATV_end_of_life_flow	RATV	EOL_DE_RATV	end_of_life_flow	EOL_DE_RATV	retirement or discard estimate by family	product_unit	P_EOL_DE_RATV	benchmark_unit_value = benchmark_value / benchmark_physical_quantity	Q_t = Q0 * q_t using the model quantity index for the linked account	If only value outputs are exported, recover quantity as value_t / (benchmark_unit_value * relative_price_t)	template	Benchmark end-of-life flow entering route allocation.
DE	DE_VMTL_EE_primary_metal_pool	ALL	VMTL_DE_EE	primary_material_pool	VMTL_DE_EE	CE-RISE-route intermediate demand assembled from BASIC_METALS and METAL_COMPONENTS	kg_metal	P_VMTL_DE_EE	benchmark_unit_value = benchmark_value / benchmark_physical_quantity	Q_t = Q0 * q_t using the primary-material quantity index	If only value outputs are exported, recover quantity as value_t / (benchmark_unit_value * relative_price_t)	template	Primary metal pool used by CE-RISE routes and anchored in explicit upstream sectors.
DE	DE_RMTL_EE_recycled_metal_pool	ALL	RMTL_DE_EE	secondary_material_pool	RMTL_DE_EE	recycling output and recovered-material evidence	kg_metal	P_RMTL_DE_EE	benchmark_unit_value = benchmark_value / benchmark_physical_quantity	Q_t = Q0 * q_t using the recycled-material quantity index	If only value outputs are exported, recover quantity as value_t / (benchmark_unit_value * relative_price_t)	template	Recycled metal pool supplied by the common recycling activity.
DE	DE_REC_EE_recycling_throughput	ALL	IND_DE_REC_EE	recycling_throughput	IND_DE_REC_EE	end-of-life mass routed to recycling	kg_eol	P_IND_DE_REC_EE	benchmark_unit_value = benchmark_value / benchmark_physical_quantity	Q_t = Q0 * q_t using the recycling-activity quantity index	If only value outputs are exported, recover quantity as value_t / (benchmark_unit_value * relative_price_t)	template	Physical throughput of end-of-life material sent to recycling.
DE	DE_INC_EE_disposal_throughput	ALL	IND_DE_INC_EE	disposal_throughput	IND_DE_INC_EE	end-of-life mass routed to disposal	kg_eol	P_IND_DE_INC_EE	benchmark_unit_value = benchmark_value / benchmark_physical_quantity	Q_t = Q0 * q_t using the disposal-activity quantity index	If only value outputs are exported, recover quantity as value_t / (benchmark_unit_value * relative_price_t)	template	Physical throughput of end-of-life material sent to incineration or landfill.
FR	FR_ELMA_service_output	ELMA	TST_FR_ELMA	service_output	TST_FR_ELMA	family-level use, stock, or turnover evidence	service_unit	P_TST_FR_ELMA	benchmark_unit_value = benchmark_value / benchmark_physical_quantity	Q_t = Q0 * q_t using the model quantity index for the linked account	If only value outputs are exported, recover quantity as value_t / (benchmark_unit_value * relative_price_t)	template	Benchmark service quantity for the family-specific service composite.
FR	FR_ELMA_new_route_output	ELMA	IND_FR_NEW_ELMA	new_route_output	IND_FR_NEW_ELMA	observed benchmark output and product counts	product_unit	P_IND_FR_NEW_ELMA	benchmark_unit_value = benchmark_value / benchmark_physical_quantity	Q_t = Q0 * q_t using the model quantity index for the linked account	If only value outputs are exported, recover quantity as value_t / (benchmark_unit_value * relative_price_t)	template	Benchmark quantity of newly produced CE-RISE products.
FR	FR_ELMA_repair_route_output	ELMA	IND_FR_REP_ELMA	repair_route_output	IND_FR_REP_ELMA	repair-event counts and benchmark route output	product_unit	P_IND_FR_REP_ELMA	benchmark_unit_value = benchmark_value / benchmark_physical_quantity	Q_t = Q0 * q_t using the model quantity index for the linked account	If only value outputs are exported, recover quantity as value_t / (benchmark_unit_value * relative_price_t)	template	Repair quantity anchor; can also be expressed as repaired units.
FR	FR_ELMA_refurbishment_route_output	ELMA	IND_FR_REF_ELMA	refurbishment_route_output	IND_FR_REF_ELMA	constructed route output and refurbishment-unit estimate	product_unit	P_IND_FR_REF_ELMA	benchmark_unit_value = benchmark_value / benchmark_physical_quantity	Q_t = Q0 * q_t using the model quantity index for the linked account	If only value outputs are exported, recover quantity as value_t / (benchmark_unit_value * relative_price_t)	template	Refurbishment quantity anchor.
FR	FR_ELMA_reuse_route_output	ELMA	IND_FR_REU_ELMA	reuse_route_output	IND_FR_REU_ELMA	constructed route output and second-life unit estimate	product_unit	P_IND_FR_REU_ELMA	benchmark_unit_value = benchmark_value / benchmark_physical_quantity	Q_t = Q0 * q_t using the model quantity index for the linked account	If only value outputs are exported, recover quantity as value_t / (benchmark_unit_value * relative_price_t)	template	Reuse quantity anchor.
FR	FR_ELMA_end_of_life_flow	ELMA	EOL_FR_ELMA	end_of_life_flow	EOL_FR_ELMA	retirement or discard estimate by family	product_unit	P_EOL_FR_ELMA	benchmark_unit_value = benchmark_value / benchmark_physical_quantity	Q_t = Q0 * q_t using the model quantity index for the linked account	If only value outputs are exported, recover quantity as value_t / (benchmark_unit_value * relative_price_t)	template	Benchmark end-of-life flow entering route allocation.
FR	FR_OFMA_service_output	OFMA	TST_FR_OFMA	service_output	TST_FR_OFMA	family-level use, stock, or turnover evidence	service_unit	P_TST_FR_OFMA	benchmark_unit_value = benchmark_value / benchmark_physical_quantity	Q_t = Q0 * q_t using the model quantity index for the linked account	If only value outputs are exported, recover quantity as value_t / (benchmark_unit_value * relative_price_t)	template	Benchmark service quantity for the family-specific service composite.
FR	FR_OFMA_new_route_output	OFMA	IND_FR_NEW_OFMA	new_route_output	IND_FR_NEW_OFMA	observed benchmark output and product counts	product_unit	P_IND_FR_NEW_OFMA	benchmark_unit_value = benchmark_value / benchmark_physical_quantity	Q_t = Q0 * q_t using the model quantity index for the linked account	If only value outputs are exported, recover quantity as value_t / (benchmark_unit_value * relative_price_t)	template	Benchmark quantity of newly produced CE-RISE products.
FR	FR_OFMA_repair_route_output	OFMA	IND_FR_REP_OFMA	repair_route_output	IND_FR_REP_OFMA	repair-event counts and benchmark route output	product_unit	P_IND_FR_REP_OFMA	benchmark_unit_value = benchmark_value / benchmark_physical_quantity	Q_t = Q0 * q_t using the model quantity index for the linked account	If only value outputs are exported, recover quantity as value_t / (benchmark_unit_value * relative_price_t)	template	Repair quantity anchor; can also be expressed as repaired units.
FR	FR_OFMA_refurbishment_route_output	OFMA	IND_FR_REF_OFMA	refurbishment_route_output	IND_FR_REF_OFMA	constructed route output and refurbishment-unit estimate	product_unit	P_IND_FR_REF_OFMA	benchmark_unit_value = benchmark_value / benchmark_physical_quantity	Q_t = Q0 * q_t using the model quantity index for the linked account	If only value outputs are exported, recover quantity as value_t / (benchmark_unit_value * relative_price_t)	template	Refurbishment quantity anchor.
FR	FR_OFMA_reuse_route_output	OFMA	IND_FR_REU_OFMA	reuse_route_output	IND_FR_REU_OFMA	constructed route output and second-life unit estimate	product_unit	P_IND_FR_REU_OFMA	benchmark_unit_value = benchmark_value / benchmark_physical_quantity	Q_t = Q0 * q_t using the model quantity index for the linked account	If only value outputs are exported, recover quantity as value_t / (benchmark_unit_value * relative_price_t)	template	Reuse quantity anchor.
FR	FR_OFMA_end_of_life_flow	OFMA	EOL_FR_OFMA	end_of_life_flow	EOL_FR_OFMA	retirement or discard estimate by family	product_unit	P_EOL_FR_OFMA	benchmark_unit_value = benchmark_value / benchmark_physical_quantity	Q_t = Q0 * q_t using the model quantity index for the linked account	If only value outputs are exported, recover quantity as value_t / (benchmark_unit_value * relative_price_t)	template	Benchmark end-of-life flow entering route allocation.
FR	FR_RATV_service_output	RATV	TST_FR_RATV	service_output	TST_FR_RATV	family-level use, stock, or turnover evidence	service_unit	P_TST_FR_RATV	benchmark_unit_value = benchmark_value / benchmark_physical_quantity	Q_t = Q0 * q_t using the model quantity index for the linked account	If only value outputs are exported, recover quantity as value_t / (benchmark_unit_value * relative_price_t)	template	Benchmark service quantity for the family-specific service composite.
FR	FR_RATV_new_route_output	RATV	IND_FR_NEW_RATV	new_route_output	IND_FR_NEW_RATV	observed benchmark output and product counts	product_unit	P_IND_FR_NEW_RATV	benchmark_unit_value = benchmark_value / benchmark_physical_quantity	Q_t = Q0 * q_t using the model quantity index for the linked account	If only value outputs are exported, recover quantity as value_t / (benchmark_unit_value * relative_price_t)	template	Benchmark quantity of newly produced CE-RISE products.
FR	FR_RATV_repair_route_output	RATV	IND_FR_REP_RATV	repair_route_output	IND_FR_REP_RATV	repair-event counts and benchmark route output	product_unit	P_IND_FR_REP_RATV	benchmark_unit_value = benchmark_value / benchmark_physical_quantity	Q_t = Q0 * q_t using the model quantity index for the linked account	If only value outputs are exported, recover quantity as value_t / (benchmark_unit_value * relative_price_t)	template	Repair quantity anchor; can also be expressed as repaired units.
FR	FR_RATV_refurbishment_route_output	RATV	IND_FR_REF_RATV	refurbishment_route_output	IND_FR_REF_RATV	constructed route output and refurbishment-unit estimate	product_unit	P_IND_FR_REF_RATV	benchmark_unit_value = benchmark_value / benchmark_physical_quantity	Q_t = Q0 * q_t using the model quantity index for the linked account	If only value outputs are exported, recover quantity as value_t / (benchmark_unit_value * relative_price_t)	template	Refurbishment quantity anchor.
FR	FR_RATV_reuse_route_output	RATV	IND_FR_REU_RATV	reuse_route_output	IND_FR_REU_RATV	constructed route output and second-life unit estimate	product_unit	P_IND_FR_REU_RATV	benchmark_unit_value = benchmark_value / benchmark_physical_quantity	Q_t = Q0 * q_t using the model quantity index for the linked account	If only value outputs are exported, recover quantity as value_t / (benchmark_unit_value * relative_price_t)	template	Reuse quantity anchor.
FR	FR_RATV_end_of_life_flow	RATV	EOL_FR_RATV	end_of_life_flow	EOL_FR_RATV	retirement or discard estimate by family	product_unit	P_EOL_FR_RATV	benchmark_unit_value = benchmark_value / benchmark_physical_quantity	Q_t = Q0 * q_t using the model quantity index for the linked account	If only value outputs are exported, recover quantity as value_t / (benchmark_unit_value * relative_price_t)	template	Benchmark end-of-life flow entering route allocation.
FR	FR_VMTL_EE_primary_metal_pool	ALL	VMTL_FR_EE	primary_material_pool	VMTL_FR_EE	CE-RISE-route intermediate demand assembled from BASIC_METALS and METAL_COMPONENTS	kg_metal	P_VMTL_FR_EE	benchmark_unit_value = benchmark_value / benchmark_physical_quantity	Q_t = Q0 * q_t using the primary-material quantity index	If only value outputs are exported, recover quantity as value_t / (benchmark_unit_value * relative_price_t)	template	Primary metal pool used by CE-RISE routes and anchored in explicit upstream sectors.
FR	FR_RMTL_EE_recycled_metal_pool	ALL	RMTL_FR_EE	secondary_material_pool	RMTL_FR_EE	recycling output and recovered-material evidence	kg_metal	P_RMTL_FR_EE	benchmark_unit_value = benchmark_value / benchmark_physical_quantity	Q_t = Q0 * q_t using the recycled-material quantity index	If only value outputs are exported, recover quantity as value_t / (benchmark_unit_value * relative_price_t)	template	Recycled metal pool supplied by the common recycling activity.
FR	FR_REC_EE_recycling_throughput	ALL	IND_FR_REC_EE	recycling_throughput	IND_FR_REC_EE	end-of-life mass routed to recycling	kg_eol	P_IND_FR_REC_EE	benchmark_unit_value = benchmark_value / benchmark_physical_quantity	Q_t = Q0 * q_t using the recycling-activity quantity index	If only value outputs are exported, recover quantity as value_t / (benchmark_unit_value * relative_price_t)	template	Physical throughput of end-of-life material sent to recycling.
FR	FR_INC_EE_disposal_throughput	ALL	IND_FR_INC_EE	disposal_throughput	IND_FR_INC_EE	end-of-life mass routed to disposal	kg_eol	P_IND_FR_INC_EE	benchmark_unit_value = benchmark_value / benchmark_physical_quantity	Q_t = Q0 * q_t using the disposal-activity quantity index	If only value outputs are exported, recover quantity as value_t / (benchmark_unit_value * relative_price_t)	template	Physical throughput of end-of-life material sent to incineration or landfill.
IT	IT_ELMA_service_output	ELMA	TST_IT_ELMA	service_output	TST_IT_ELMA	family-level use, stock, or turnover evidence	service_unit	P_TST_IT_ELMA	benchmark_unit_value = benchmark_value / benchmark_physical_quantity	Q_t = Q0 * q_t using the model quantity index for the linked account	If only value outputs are exported, recover quantity as value_t / (benchmark_unit_value * relative_price_t)	template	Benchmark service quantity for the family-specific service composite.
IT	IT_ELMA_new_route_output	ELMA	IND_IT_NEW_ELMA	new_route_output	IND_IT_NEW_ELMA	observed benchmark output and product counts	product_unit	P_IND_IT_NEW_ELMA	benchmark_unit_value = benchmark_value / benchmark_physical_quantity	Q_t = Q0 * q_t using the model quantity index for the linked account	If only value outputs are exported, recover quantity as value_t / (benchmark_unit_value * relative_price_t)	template	Benchmark quantity of newly produced CE-RISE products.
IT	IT_ELMA_repair_route_output	ELMA	IND_IT_REP_ELMA	repair_route_output	IND_IT_REP_ELMA	repair-event counts and benchmark route output	product_unit	P_IND_IT_REP_ELMA	benchmark_unit_value = benchmark_value / benchmark_physical_quantity	Q_t = Q0 * q_t using the model quantity index for the linked account	If only value outputs are exported, recover quantity as value_t / (benchmark_unit_value * relative_price_t)	template	Repair quantity anchor; can also be expressed as repaired units.
IT	IT_ELMA_refurbishment_route_output	ELMA	IND_IT_REF_ELMA	refurbishment_route_output	IND_IT_REF_ELMA	constructed route output and refurbishment-unit estimate	product_unit	P_IND_IT_REF_ELMA	benchmark_unit_value = benchmark_value / benchmark_physical_quantity	Q_t = Q0 * q_t using the model quantity index for the linked account	If only value outputs are exported, recover quantity as value_t / (benchmark_unit_value * relative_price_t)	template	Refurbishment quantity anchor.
IT	IT_ELMA_reuse_route_output	ELMA	IND_IT_REU_ELMA	reuse_route_output	IND_IT_REU_ELMA	constructed route output and second-life unit estimate	product_unit	P_IND_IT_REU_ELMA	benchmark_unit_value = benchmark_value / benchmark_physical_quantity	Q_t = Q0 * q_t using the model quantity index for the linked account	If only value outputs are exported, recover quantity as value_t / (benchmark_unit_value * relative_price_t)	template	Reuse quantity anchor.
IT	IT_ELMA_end_of_life_flow	ELMA	EOL_IT_ELMA	end_of_life_flow	EOL_IT_ELMA	retirement or discard estimate by family	product_unit	P_EOL_IT_ELMA	benchmark_unit_value = benchmark_value / benchmark_physical_quantity	Q_t = Q0 * q_t using the model quantity index for the linked account	If only value outputs are exported, recover quantity as value_t / (benchmark_unit_value * relative_price_t)	template	Benchmark end-of-life flow entering route allocation.
IT	IT_OFMA_service_output	OFMA	TST_IT_OFMA	service_output	TST_IT_OFMA	family-level use, stock, or turnover evidence	service_unit	P_TST_IT_OFMA	benchmark_unit_value = benchmark_value / benchmark_physical_quantity	Q_t = Q0 * q_t using the model quantity index for the linked account	If only value outputs are exported, recover quantity as value_t / (benchmark_unit_value * relative_price_t)	template	Benchmark service quantity for the family-specific service composite.
IT	IT_OFMA_new_route_output	OFMA	IND_IT_NEW_OFMA	new_route_output	IND_IT_NEW_OFMA	observed benchmark output and product counts	product_unit	P_IND_IT_NEW_OFMA	benchmark_unit_value = benchmark_value / benchmark_physical_quantity	Q_t = Q0 * q_t using the model quantity index for the linked account	If only value outputs are exported, recover quantity as value_t / (benchmark_unit_value * relative_price_t)	template	Benchmark quantity of newly produced CE-RISE products.
IT	IT_OFMA_repair_route_output	OFMA	IND_IT_REP_OFMA	repair_route_output	IND_IT_REP_OFMA	repair-event counts and benchmark route output	product_unit	P_IND_IT_REP_OFMA	benchmark_unit_value = benchmark_value / benchmark_physical_quantity	Q_t = Q0 * q_t using the model quantity index for the linked account	If only value outputs are exported, recover quantity as value_t / (benchmark_unit_value * relative_price_t)	template	Repair quantity anchor; can also be expressed as repaired units.
IT	IT_OFMA_refurbishment_route_output	OFMA	IND_IT_REF_OFMA	refurbishment_route_output	IND_IT_REF_OFMA	constructed route output and refurbishment-unit estimate	product_unit	P_IND_IT_REF_OFMA	benchmark_unit_value = benchmark_value / benchmark_physical_quantity	Q_t = Q0 * q_t using the model quantity index for the linked account	If only value outputs are exported, recover quantity as value_t / (benchmark_unit_value * relative_price_t)	template	Refurbishment quantity anchor.
IT	IT_OFMA_reuse_route_output	OFMA	IND_IT_REU_OFMA	reuse_route_output	IND_IT_REU_OFMA	constructed route output and second-life unit estimate	product_unit	P_IND_IT_REU_OFMA	benchmark_unit_value = benchmark_value / benchmark_physical_quantity	Q_t = Q0 * q_t using the model quantity index for the linked account	If only value outputs are exported, recover quantity as value_t / (benchmark_unit_value * relative_price_t)	template	Reuse quantity anchor.
IT	IT_OFMA_end_of_life_flow	OFMA	EOL_IT_OFMA	end_of_life_flow	EOL_IT_OFMA	retirement or discard estimate by family	product_unit	P_EOL_IT_OFMA	benchmark_unit_value = benchmark_value / benchmark_physical_quantity	Q_t = Q0 * q_t using the model quantity index for the linked account	If only value outputs are exported, recover quantity as value_t / (benchmark_unit_value * relative_price_t)	template	Benchmark end-of-life flow entering route allocation.
IT	IT_RATV_service_output	RATV	TST_IT_RATV	service_output	TST_IT_RATV	family-level use, stock, or turnover evidence	service_unit	P_TST_IT_RATV	benchmark_unit_value = benchmark_value / benchmark_physical_quantity	Q_t = Q0 * q_t using the model quantity index for the linked account	If only value outputs are exported, recover quantity as value_t / (benchmark_unit_value * relative_price_t)	template	Benchmark service quantity for the family-specific service composite.
IT	IT_RATV_new_route_output	RATV	IND_IT_NEW_RATV	new_route_output	IND_IT_NEW_RATV	observed benchmark output and product counts	product_unit	P_IND_IT_NEW_RATV	benchmark_unit_value = benchmark_value / benchmark_physical_quantity	Q_t = Q0 * q_t using the model quantity index for the linked account	If only value outputs are exported, recover quantity as value_t / (benchmark_unit_value * relative_price_t)	template	Benchmark quantity of newly produced CE-RISE products.
IT	IT_RATV_repair_route_output	RATV	IND_IT_REP_RATV	repair_route_output	IND_IT_REP_RATV	repair-event counts and benchmark route output	product_unit	P_IND_IT_REP_RATV	benchmark_unit_value = benchmark_value / benchmark_physical_quantity	Q_t = Q0 * q_t using the model quantity index for the linked account	If only value outputs are exported, recover quantity as value_t / (benchmark_unit_value * relative_price_t)	template	Repair quantity anchor; can also be expressed as repaired units.
IT	IT_RATV_refurbishment_route_output	RATV	IND_IT_REF_RATV	refurbishment_route_output	IND_IT_REF_RATV	constructed route output and refurbishment-unit estimate	product_unit	P_IND_IT_REF_RATV	benchmark_unit_value = benchmark_value / benchmark_physical_quantity	Q_t = Q0 * q_t using the model quantity index for the linked account	If only value outputs are exported, recover quantity as value_t / (benchmark_unit_value * relative_price_t)	template	Refurbishment quantity anchor.
IT	IT_RATV_reuse_route_output	RATV	IND_IT_REU_RATV	reuse_route_output	IND_IT_REU_RATV	constructed route output and second-life unit estimate	product_unit	P_IND_IT_REU_RATV	benchmark_unit_value = benchmark_value / benchmark_physical_quantity	Q_t = Q0 * q_t using the model quantity index for the linked account	If only value outputs are exported, recover quantity as value_t / (benchmark_unit_value * relative_price_t)	template	Reuse quantity anchor.
IT	IT_RATV_end_of_life_flow	RATV	EOL_IT_RATV	end_of_life_flow	EOL_IT_RATV	retirement or discard estimate by family	product_unit	P_EOL_IT_RATV	benchmark_unit_value = benchmark_value / benchmark_physical_quantity	Q_t = Q0 * q_t using the model quantity index for the linked account	If only value outputs are exported, recover quantity as value_t / (benchmark_unit_value * relative_price_t)	template	Benchmark end-of-life flow entering route allocation.
IT	IT_VMTL_EE_primary_metal_pool	ALL	VMTL_IT_EE	primary_material_pool	VMTL_IT_EE	CE-RISE-route intermediate demand assembled from BASIC_METALS and METAL_COMPONENTS	kg_metal	P_VMTL_IT_EE	benchmark_unit_value = benchmark_value / benchmark_physical_quantity	Q_t = Q0 * q_t using the primary-material quantity index	If only value outputs are exported, recover quantity as value_t / (benchmark_unit_value * relative_price_t)	template	Primary metal pool used by CE-RISE routes and anchored in explicit upstream sectors.
IT	IT_RMTL_EE_recycled_metal_pool	ALL	RMTL_IT_EE	secondary_material_pool	RMTL_IT_EE	recycling output and recovered-material evidence	kg_metal	P_RMTL_IT_EE	benchmark_unit_value = benchmark_value / benchmark_physical_quantity	Q_t = Q0 * q_t using the recycled-material quantity index	If only value outputs are exported, recover quantity as value_t / (benchmark_unit_value * relative_price_t)	template	Recycled metal pool supplied by the common recycling activity.
IT	IT_REC_EE_recycling_throughput	ALL	IND_IT_REC_EE	recycling_throughput	IND_IT_REC_EE	end-of-life mass routed to recycling	kg_eol	P_IND_IT_REC_EE	benchmark_unit_value = benchmark_value / benchmark_physical_quantity	Q_t = Q0 * q_t using the recycling-activity quantity index	If only value outputs are exported, recover quantity as value_t / (benchmark_unit_value * relative_price_t)	template	Physical throughput of end-of-life material sent to recycling.
IT	IT_INC_EE_disposal_throughput	ALL	IND_IT_INC_EE	disposal_throughput	IND_IT_INC_EE	end-of-life mass routed to disposal	kg_eol	P_IND_IT_INC_EE	benchmark_unit_value = benchmark_value / benchmark_physical_quantity	Q_t = Q0 * q_t using the disposal-activity quantity index	If only value outputs are exported, recover quantity as value_t / (benchmark_unit_value * relative_price_t)	template	Physical throughput of end-of-life material sent to incineration or landfill.
PL	PL_ELMA_service_output	ELMA	TST_PL_ELMA	service_output	TST_PL_ELMA	family-level use, stock, or turnover evidence	service_unit	P_TST_PL_ELMA	benchmark_unit_value = benchmark_value / benchmark_physical_quantity	Q_t = Q0 * q_t using the model quantity index for the linked account	If only value outputs are exported, recover quantity as value_t / (benchmark_unit_value * relative_price_t)	template	Benchmark service quantity for the family-specific service composite.
PL	PL_ELMA_new_route_output	ELMA	IND_PL_NEW_ELMA	new_route_output	IND_PL_NEW_ELMA	observed benchmark output and product counts	product_unit	P_IND_PL_NEW_ELMA	benchmark_unit_value = benchmark_value / benchmark_physical_quantity	Q_t = Q0 * q_t using the model quantity index for the linked account	If only value outputs are exported, recover quantity as value_t / (benchmark_unit_value * relative_price_t)	template	Benchmark quantity of newly produced CE-RISE products.
PL	PL_ELMA_repair_route_output	ELMA	IND_PL_REP_ELMA	repair_route_output	IND_PL_REP_ELMA	repair-event counts and benchmark route output	product_unit	P_IND_PL_REP_ELMA	benchmark_unit_value = benchmark_value / benchmark_physical_quantity	Q_t = Q0 * q_t using the model quantity index for the linked account	If only value outputs are exported, recover quantity as value_t / (benchmark_unit_value * relative_price_t)	template	Repair quantity anchor; can also be expressed as repaired units.
PL	PL_ELMA_refurbishment_route_output	ELMA	IND_PL_REF_ELMA	refurbishment_route_output	IND_PL_REF_ELMA	constructed route output and refurbishment-unit estimate	product_unit	P_IND_PL_REF_ELMA	benchmark_unit_value = benchmark_value / benchmark_physical_quantity	Q_t = Q0 * q_t using the model quantity index for the linked account	If only value outputs are exported, recover quantity as value_t / (benchmark_unit_value * relative_price_t)	template	Refurbishment quantity anchor.
PL	PL_ELMA_reuse_route_output	ELMA	IND_PL_REU_ELMA	reuse_route_output	IND_PL_REU_ELMA	constructed route output and second-life unit estimate	product_unit	P_IND_PL_REU_ELMA	benchmark_unit_value = benchmark_value / benchmark_physical_quantity	Q_t = Q0 * q_t using the model quantity index for the linked account	If only value outputs are exported, recover quantity as value_t / (benchmark_unit_value * relative_price_t)	template	Reuse quantity anchor.
PL	PL_ELMA_end_of_life_flow	ELMA	EOL_PL_ELMA	end_of_life_flow	EOL_PL_ELMA	retirement or discard estimate by family	product_unit	P_EOL_PL_ELMA	benchmark_unit_value = benchmark_value / benchmark_physical_quantity	Q_t = Q0 * q_t using the model quantity index for the linked account	If only value outputs are exported, recover quantity as value_t / (benchmark_unit_value * relative_price_t)	template	Benchmark end-of-life flow entering route allocation.
PL	PL_OFMA_service_output	OFMA	TST_PL_OFMA	service_output	TST_PL_OFMA	family-level use, stock, or turnover evidence	service_unit	P_TST_PL_OFMA	benchmark_unit_value = benchmark_value / benchmark_physical_quantity	Q_t = Q0 * q_t using the model quantity index for the linked account	If only value outputs are exported, recover quantity as value_t / (benchmark_unit_value * relative_price_t)	template	Benchmark service quantity for the family-specific service composite.
PL	PL_OFMA_new_route_output	OFMA	IND_PL_NEW_OFMA	new_route_output	IND_PL_NEW_OFMA	observed benchmark output and product counts	product_unit	P_IND_PL_NEW_OFMA	benchmark_unit_value = benchmark_value / benchmark_physical_quantity	Q_t = Q0 * q_t using the model quantity index for the linked account	If only value outputs are exported, recover quantity as value_t / (benchmark_unit_value * relative_price_t)	template	Benchmark quantity of newly produced CE-RISE products.
PL	PL_OFMA_repair_route_output	OFMA	IND_PL_REP_OFMA	repair_route_output	IND_PL_REP_OFMA	repair-event counts and benchmark route output	product_unit	P_IND_PL_REP_OFMA	benchmark_unit_value = benchmark_value / benchmark_physical_quantity	Q_t = Q0 * q_t using the model quantity index for the linked account	If only value outputs are exported, recover quantity as value_t / (benchmark_unit_value * relative_price_t)	template	Repair quantity anchor; can also be expressed as repaired units.
PL	PL_OFMA_refurbishment_route_output	OFMA	IND_PL_REF_OFMA	refurbishment_route_output	IND_PL_REF_OFMA	constructed route output and refurbishment-unit estimate	product_unit	P_IND_PL_REF_OFMA	benchmark_unit_value = benchmark_value / benchmark_physical_quantity	Q_t = Q0 * q_t using the model quantity index for the linked account	If only value outputs are exported, recover quantity as value_t / (benchmark_unit_value * relative_price_t)	template	Refurbishment quantity anchor.
PL	PL_OFMA_reuse_route_output	OFMA	IND_PL_REU_OFMA	reuse_route_output	IND_PL_REU_OFMA	constructed route output and second-life unit estimate	product_unit	P_IND_PL_REU_OFMA	benchmark_unit_value = benchmark_value / benchmark_physical_quantity	Q_t = Q0 * q_t using the model quantity index for the linked account	If only value outputs are exported, recover quantity as value_t / (benchmark_unit_value * relative_price_t)	template	Reuse quantity anchor.
PL	PL_OFMA_end_of_life_flow	OFMA	EOL_PL_OFMA	end_of_life_flow	EOL_PL_OFMA	retirement or discard estimate by family	product_unit	P_EOL_PL_OFMA	benchmark_unit_value = benchmark_value / benchmark_physical_quantity	Q_t = Q0 * q_t using the model quantity index for the linked account	If only value outputs are exported, recover quantity as value_t / (benchmark_unit_value * relative_price_t)	template	Benchmark end-of-life flow entering route allocation.
PL	PL_RATV_service_output	RATV	TST_PL_RATV	service_output	TST_PL_RATV	family-level use, stock, or turnover evidence	service_unit	P_TST_PL_RATV	benchmark_unit_value = benchmark_value / benchmark_physical_quantity	Q_t = Q0 * q_t using the model quantity index for the linked account	If only value outputs are exported, recover quantity as value_t / (benchmark_unit_value * relative_price_t)	template	Benchmark service quantity for the family-specific service composite.
PL	PL_RATV_new_route_output	RATV	IND_PL_NEW_RATV	new_route_output	IND_PL_NEW_RATV	observed benchmark output and product counts	product_unit	P_IND_PL_NEW_RATV	benchmark_unit_value = benchmark_value / benchmark_physical_quantity	Q_t = Q0 * q_t using the model quantity index for the linked account	If only value outputs are exported, recover quantity as value_t / (benchmark_unit_value * relative_price_t)	template	Benchmark quantity of newly produced CE-RISE products.
PL	PL_RATV_repair_route_output	RATV	IND_PL_REP_RATV	repair_route_output	IND_PL_REP_RATV	repair-event counts and benchmark route output	product_unit	P_IND_PL_REP_RATV	benchmark_unit_value = benchmark_value / benchmark_physical_quantity	Q_t = Q0 * q_t using the model quantity index for the linked account	If only value outputs are exported, recover quantity as value_t / (benchmark_unit_value * relative_price_t)	template	Repair quantity anchor; can also be expressed as repaired units.
PL	PL_RATV_refurbishment_route_output	RATV	IND_PL_REF_RATV	refurbishment_route_output	IND_PL_REF_RATV	constructed route output and refurbishment-unit estimate	product_unit	P_IND_PL_REF_RATV	benchmark_unit_value = benchmark_value / benchmark_physical_quantity	Q_t = Q0 * q_t using the model quantity index for the linked account	If only value outputs are exported, recover quantity as value_t / (benchmark_unit_value * relative_price_t)	template	Refurbishment quantity anchor.
PL	PL_RATV_reuse_route_output	RATV	IND_PL_REU_RATV	reuse_route_output	IND_PL_REU_RATV	constructed route output and second-life unit estimate	product_unit	P_IND_PL_REU_RATV	benchmark_unit_value = benchmark_value / benchmark_physical_quantity	Q_t = Q0 * q_t using the model quantity index for the linked account	If only value outputs are exported, recover quantity as value_t / (benchmark_unit_value * relative_price_t)	template	Reuse quantity anchor.
PL	PL_RATV_end_of_life_flow	RATV	EOL_PL_RATV	end_of_life_flow	EOL_PL_RATV	retirement or discard estimate by family	product_unit	P_EOL_PL_RATV	benchmark_unit_value = benchmark_value / benchmark_physical_quantity	Q_t = Q0 * q_t using the model quantity index for the linked account	If only value outputs are exported, recover quantity as value_t / (benchmark_unit_value * relative_price_t)	template	Benchmark end-of-life flow entering route allocation.
PL	PL_VMTL_EE_primary_metal_pool	ALL	VMTL_PL_EE	primary_material_pool	VMTL_PL_EE	CE-RISE-route intermediate demand assembled from BASIC_METALS and METAL_COMPONENTS	kg_metal	P_VMTL_PL_EE	benchmark_unit_value = benchmark_value / benchmark_physical_quantity	Q_t = Q0 * q_t using the primary-material quantity index	If only value outputs are exported, recover quantity as value_t / (benchmark_unit_value * relative_price_t)	template	Primary metal pool used by CE-RISE routes and anchored in explicit upstream sectors.
PL	PL_RMTL_EE_recycled_metal_pool	ALL	RMTL_PL_EE	secondary_material_pool	RMTL_PL_EE	recycling output and recovered-material evidence	kg_metal	P_RMTL_PL_EE	benchmark_unit_value = benchmark_value / benchmark_physical_quantity	Q_t = Q0 * q_t using the recycled-material quantity index	If only value outputs are exported, recover quantity as value_t / (benchmark_unit_value * relative_price_t)	template	Recycled metal pool supplied by the common recycling activity.
PL	PL_REC_EE_recycling_throughput	ALL	IND_PL_REC_EE	recycling_throughput	IND_PL_REC_EE	end-of-life mass routed to recycling	kg_eol	P_IND_PL_REC_EE	benchmark_unit_value = benchmark_value / benchmark_physical_quantity	Q_t = Q0 * q_t using the recycling-activity quantity index	If only value outputs are exported, recover quantity as value_t / (benchmark_unit_value * relative_price_t)	template	Physical throughput of end-of-life material sent to recycling.
PL	PL_INC_EE_disposal_throughput	ALL	IND_PL_INC_EE	disposal_throughput	IND_PL_INC_EE	end-of-life mass routed to disposal	kg_eol	P_IND_PL_INC_EE	benchmark_unit_value = benchmark_value / benchmark_physical_quantity	Q_t = Q0 * q_t using the disposal-activity quantity index	If only value outputs are exported, recover quantity as value_t / (benchmark_unit_value * relative_price_t)	template	Physical throughput of end-of-life material sent to incineration or landfill.
SK	SK_ELMA_service_output	ELMA	TST_SK_ELMA	service_output	TST_SK_ELMA	family-level use, stock, or turnover evidence	service_unit	P_TST_SK_ELMA	benchmark_unit_value = benchmark_value / benchmark_physical_quantity	Q_t = Q0 * q_t using the model quantity index for the linked account	If only value outputs are exported, recover quantity as value_t / (benchmark_unit_value * relative_price_t)	template	Benchmark service quantity for the family-specific service composite.
SK	SK_ELMA_new_route_output	ELMA	IND_SK_NEW_ELMA	new_route_output	IND_SK_NEW_ELMA	observed benchmark output and product counts	product_unit	P_IND_SK_NEW_ELMA	benchmark_unit_value = benchmark_value / benchmark_physical_quantity	Q_t = Q0 * q_t using the model quantity index for the linked account	If only value outputs are exported, recover quantity as value_t / (benchmark_unit_value * relative_price_t)	template	Benchmark quantity of newly produced CE-RISE products.
SK	SK_ELMA_repair_route_output	ELMA	IND_SK_REP_ELMA	repair_route_output	IND_SK_REP_ELMA	repair-event counts and benchmark route output	product_unit	P_IND_SK_REP_ELMA	benchmark_unit_value = benchmark_value / benchmark_physical_quantity	Q_t = Q0 * q_t using the model quantity index for the linked account	If only value outputs are exported, recover quantity as value_t / (benchmark_unit_value * relative_price_t)	template	Repair quantity anchor; can also be expressed as repaired units.
SK	SK_ELMA_refurbishment_route_output	ELMA	IND_SK_REF_ELMA	refurbishment_route_output	IND_SK_REF_ELMA	constructed route output and refurbishment-unit estimate	product_unit	P_IND_SK_REF_ELMA	benchmark_unit_value = benchmark_value / benchmark_physical_quantity	Q_t = Q0 * q_t using the model quantity index for the linked account	If only value outputs are exported, recover quantity as value_t / (benchmark_unit_value * relative_price_t)	template	Refurbishment quantity anchor.
SK	SK_ELMA_reuse_route_output	ELMA	IND_SK_REU_ELMA	reuse_route_output	IND_SK_REU_ELMA	constructed route output and second-life unit estimate	product_unit	P_IND_SK_REU_ELMA	benchmark_unit_value = benchmark_value / benchmark_physical_quantity	Q_t = Q0 * q_t using the model quantity index for the linked account	If only value outputs are exported, recover quantity as value_t / (benchmark_unit_value * relative_price_t)	template	Reuse quantity anchor.
SK	SK_ELMA_end_of_life_flow	ELMA	EOL_SK_ELMA	end_of_life_flow	EOL_SK_ELMA	retirement or discard estimate by family	product_unit	P_EOL_SK_ELMA	benchmark_unit_value = benchmark_value / benchmark_physical_quantity	Q_t = Q0 * q_t using the model quantity index for the linked account	If only value outputs are exported, recover quantity as value_t / (benchmark_unit_value * relative_price_t)	template	Benchmark end-of-life flow entering route allocation.
SK	SK_OFMA_service_output	OFMA	TST_SK_OFMA	service_output	TST_SK_OFMA	family-level use, stock, or turnover evidence	service_unit	P_TST_SK_OFMA	benchmark_unit_value = benchmark_value / benchmark_physical_quantity	Q_t = Q0 * q_t using the model quantity index for the linked account	If only value outputs are exported, recover quantity as value_t / (benchmark_unit_value * relative_price_t)	template	Benchmark service quantity for the family-specific service composite.
SK	SK_OFMA_new_route_output	OFMA	IND_SK_NEW_OFMA	new_route_output	IND_SK_NEW_OFMA	observed benchmark output and product counts	product_unit	P_IND_SK_NEW_OFMA	benchmark_unit_value = benchmark_value / benchmark_physical_quantity	Q_t = Q0 * q_t using the model quantity index for the linked account	If only value outputs are exported, recover quantity as value_t / (benchmark_unit_value * relative_price_t)	template	Benchmark quantity of newly produced CE-RISE products.
SK	SK_OFMA_repair_route_output	OFMA	IND_SK_REP_OFMA	repair_route_output	IND_SK_REP_OFMA	repair-event counts and benchmark route output	product_unit	P_IND_SK_REP_OFMA	benchmark_unit_value = benchmark_value / benchmark_physical_quantity	Q_t = Q0 * q_t using the model quantity index for the linked account	If only value outputs are exported, recover quantity as value_t / (benchmark_unit_value * relative_price_t)	template	Repair quantity anchor; can also be expressed as repaired units.
SK	SK_OFMA_refurbishment_route_output	OFMA	IND_SK_REF_OFMA	refurbishment_route_output	IND_SK_REF_OFMA	constructed route output and refurbishment-unit estimate	product_unit	P_IND_SK_REF_OFMA	benchmark_unit_value = benchmark_value / benchmark_physical_quantity	Q_t = Q0 * q_t using the model quantity index for the linked account	If only value outputs are exported, recover quantity as value_t / (benchmark_unit_value * relative_price_t)	template	Refurbishment quantity anchor.
SK	SK_OFMA_reuse_route_output	OFMA	IND_SK_REU_OFMA	reuse_route_output	IND_SK_REU_OFMA	constructed route output and second-life unit estimate	product_unit	P_IND_SK_REU_OFMA	benchmark_unit_value = benchmark_value / benchmark_physical_quantity	Q_t = Q0 * q_t using the model quantity index for the linked account	If only value outputs are exported, recover quantity as value_t / (benchmark_unit_value * relative_price_t)	template	Reuse quantity anchor.
SK	SK_OFMA_end_of_life_flow	OFMA	EOL_SK_OFMA	end_of_life_flow	EOL_SK_OFMA	retirement or discard estimate by family	product_unit	P_EOL_SK_OFMA	benchmark_unit_value = benchmark_value / benchmark_physical_quantity	Q_t = Q0 * q_t using the model quantity index for the linked account	If only value outputs are exported, recover quantity as value_t / (benchmark_unit_value * relative_price_t)	template	Benchmark end-of-life flow entering route allocation.
SK	SK_RATV_service_output	RATV	TST_SK_RATV	service_output	TST_SK_RATV	family-level use, stock, or turnover evidence	service_unit	P_TST_SK_RATV	benchmark_unit_value = benchmark_value / benchmark_physical_quantity	Q_t = Q0 * q_t using the model quantity index for the linked account	If only value outputs are exported, recover quantity as value_t / (benchmark_unit_value * relative_price_t)	template	Benchmark service quantity for the family-specific service composite.
SK	SK_RATV_new_route_output	RATV	IND_SK_NEW_RATV	new_route_output	IND_SK_NEW_RATV	observed benchmark output and product counts	product_unit	P_IND_SK_NEW_RATV	benchmark_unit_value = benchmark_value / benchmark_physical_quantity	Q_t = Q0 * q_t using the model quantity index for the linked account	If only value outputs are exported, recover quantity as value_t / (benchmark_unit_value * relative_price_t)	template	Benchmark quantity of newly produced CE-RISE products.
SK	SK_RATV_repair_route_output	RATV	IND_SK_REP_RATV	repair_route_output	IND_SK_REP_RATV	repair-event counts and benchmark route output	product_unit	P_IND_SK_REP_RATV	benchmark_unit_value = benchmark_value / benchmark_physical_quantity	Q_t = Q0 * q_t using the model quantity index for the linked account	If only value outputs are exported, recover quantity as value_t / (benchmark_unit_value * relative_price_t)	template	Repair quantity anchor; can also be expressed as repaired units.
SK	SK_RATV_refurbishment_route_output	RATV	IND_SK_REF_RATV	refurbishment_route_output	IND_SK_REF_RATV	constructed route output and refurbishment-unit estimate	product_unit	P_IND_SK_REF_RATV	benchmark_unit_value = benchmark_value / benchmark_physical_quantity	Q_t = Q0 * q_t using the model quantity index for the linked account	If only value outputs are exported, recover quantity as value_t / (benchmark_unit_value * relative_price_t)	template	Refurbishment quantity anchor.
SK	SK_RATV_reuse_route_output	RATV	IND_SK_REU_RATV	reuse_route_output	IND_SK_REU_RATV	constructed route output and second-life unit estimate	product_unit	P_IND_SK_REU_RATV	benchmark_unit_value = benchmark_value / benchmark_physical_quantity	Q_t = Q0 * q_t using the model quantity index for the linked account	If only value outputs are exported, recover quantity as value_t / (benchmark_unit_value * relative_price_t)	template	Reuse quantity anchor.
SK	SK_RATV_end_of_life_flow	RATV	EOL_SK_RATV	end_of_life_flow	EOL_SK_RATV	retirement or discard estimate by family	product_unit	P_EOL_SK_RATV	benchmark_unit_value = benchmark_value / benchmark_physical_quantity	Q_t = Q0 * q_t using the model quantity index for the linked account	If only value outputs are exported, recover quantity as value_t / (benchmark_unit_value * relative_price_t)	template	Benchmark end-of-life flow entering route allocation.
SK	SK_VMTL_EE_primary_metal_pool	ALL	VMTL_SK_EE	primary_material_pool	VMTL_SK_EE	CE-RISE-route intermediate demand assembled from BASIC_METALS and METAL_COMPONENTS	kg_metal	P_VMTL_SK_EE	benchmark_unit_value = benchmark_value / benchmark_physical_quantity	Q_t = Q0 * q_t using the primary-material quantity index	If only value outputs are exported, recover quantity as value_t / (benchmark_unit_value * relative_price_t)	template	Primary metal pool used by CE-RISE routes and anchored in explicit upstream sectors.
SK	SK_RMTL_EE_recycled_metal_pool	ALL	RMTL_SK_EE	secondary_material_pool	RMTL_SK_EE	recycling output and recovered-material evidence	kg_metal	P_RMTL_SK_EE	benchmark_unit_value = benchmark_value / benchmark_physical_quantity	Q_t = Q0 * q_t using the recycled-material quantity index	If only value outputs are exported, recover quantity as value_t / (benchmark_unit_value * relative_price_t)	template	Recycled metal pool supplied by the common recycling activity.
SK	SK_REC_EE_recycling_throughput	ALL	IND_SK_REC_EE	recycling_throughput	IND_SK_REC_EE	end-of-life mass routed to recycling	kg_eol	P_IND_SK_REC_EE	benchmark_unit_value = benchmark_value / benchmark_physical_quantity	Q_t = Q0 * q_t using the recycling-activity quantity index	If only value outputs are exported, recover quantity as value_t / (benchmark_unit_value * relative_price_t)	template	Physical throughput of end-of-life material sent to recycling.
SK	SK_INC_EE_disposal_throughput	ALL	IND_SK_INC_EE	disposal_throughput	IND_SK_INC_EE	end-of-life mass routed to disposal	kg_eol	P_IND_SK_INC_EE	benchmark_unit_value = benchmark_value / benchmark_physical_quantity	Q_t = Q0 * q_t using the disposal-activity quantity index	If only value outputs are exported, recover quantity as value_t / (benchmark_unit_value * relative_price_t)	template	Physical throughput of end-of-life material sent to incineration or landfill.
REU	REU_ELMA_service_output	ELMA	TST_REU_ELMA	service_output	TST_REU_ELMA	family-level use, stock, or turnover evidence	service_unit	P_TST_REU_ELMA	benchmark_unit_value = benchmark_value / benchmark_physical_quantity	Q_t = Q0 * q_t using the model quantity index for the linked account	If only value outputs are exported, recover quantity as value_t / (benchmark_unit_value * relative_price_t)	template	Benchmark service quantity for the family-specific service composite.
REU	REU_ELMA_new_route_output	ELMA	IND_REU_NEW_ELMA	new_route_output	IND_REU_NEW_ELMA	observed benchmark output and product counts	product_unit	P_IND_REU_NEW_ELMA	benchmark_unit_value = benchmark_value / benchmark_physical_quantity	Q_t = Q0 * q_t using the model quantity index for the linked account	If only value outputs are exported, recover quantity as value_t / (benchmark_unit_value * relative_price_t)	template	Benchmark quantity of newly produced CE-RISE products.
REU	REU_ELMA_repair_route_output	ELMA	IND_REU_REP_ELMA	repair_route_output	IND_REU_REP_ELMA	repair-event counts and benchmark route output	product_unit	P_IND_REU_REP_ELMA	benchmark_unit_value = benchmark_value / benchmark_physical_quantity	Q_t = Q0 * q_t using the model quantity index for the linked account	If only value outputs are exported, recover quantity as value_t / (benchmark_unit_value * relative_price_t)	template	Repair quantity anchor; can also be expressed as repaired units.
REU	REU_ELMA_refurbishment_route_output	ELMA	IND_REU_REF_ELMA	refurbishment_route_output	IND_REU_REF_ELMA	constructed route output and refurbishment-unit estimate	product_unit	P_IND_REU_REF_ELMA	benchmark_unit_value = benchmark_value / benchmark_physical_quantity	Q_t = Q0 * q_t using the model quantity index for the linked account	If only value outputs are exported, recover quantity as value_t / (benchmark_unit_value * relative_price_t)	template	Refurbishment quantity anchor.
REU	REU_ELMA_reuse_route_output	ELMA	IND_REU_REU_ELMA	reuse_route_output	IND_REU_REU_ELMA	constructed route output and second-life unit estimate	product_unit	P_IND_REU_REU_ELMA	benchmark_unit_value = benchmark_value / benchmark_physical_quantity	Q_t = Q0 * q_t using the model quantity index for the linked account	If only value outputs are exported, recover quantity as value_t / (benchmark_unit_value * relative_price_t)	template	Reuse quantity anchor.
REU	REU_ELMA_end_of_life_flow	ELMA	EOL_REU_ELMA	end_of_life_flow	EOL_REU_ELMA	retirement or discard estimate by family	product_unit	P_EOL_REU_ELMA	benchmark_unit_value = benchmark_value / benchmark_physical_quantity	Q_t = Q0 * q_t using the model quantity index for the linked account	If only value outputs are exported, recover quantity as value_t / (benchmark_unit_value * relative_price_t)	template	Benchmark end-of-life flow entering route allocation.
REU	REU_OFMA_service_output	OFMA	TST_REU_OFMA	service_output	TST_REU_OFMA	family-level use, stock, or turnover evidence	service_unit	P_TST_REU_OFMA	benchmark_unit_value = benchmark_value / benchmark_physical_quantity	Q_t = Q0 * q_t using the model quantity index for the linked account	If only value outputs are exported, recover quantity as value_t / (benchmark_unit_value * relative_price_t)	template	Benchmark service quantity for the family-specific service composite.
REU	REU_OFMA_new_route_output	OFMA	IND_REU_NEW_OFMA	new_route_output	IND_REU_NEW_OFMA	observed benchmark output and product counts	product_unit	P_IND_REU_NEW_OFMA	benchmark_unit_value = benchmark_value / benchmark_physical_quantity	Q_t = Q0 * q_t using the model quantity index for the linked account	If only value outputs are exported, recover quantity as value_t / (benchmark_unit_value * relative_price_t)	template	Benchmark quantity of newly produced CE-RISE products.
REU	REU_OFMA_repair_route_output	OFMA	IND_REU_REP_OFMA	repair_route_output	IND_REU_REP_OFMA	repair-event counts and benchmark route output	product_unit	P_IND_REU_REP_OFMA	benchmark_unit_value = benchmark_value / benchmark_physical_quantity	Q_t = Q0 * q_t using the model quantity index for the linked account	If only value outputs are exported, recover quantity as value_t / (benchmark_unit_value * relative_price_t)	template	Repair quantity anchor; can also be expressed as repaired units.
REU	REU_OFMA_refurbishment_route_output	OFMA	IND_REU_REF_OFMA	refurbishment_route_output	IND_REU_REF_OFMA	constructed route output and refurbishment-unit estimate	product_unit	P_IND_REU_REF_OFMA	benchmark_unit_value = benchmark_value / benchmark_physical_quantity	Q_t = Q0 * q_t using the model quantity index for the linked account	If only value outputs are exported, recover quantity as value_t / (benchmark_unit_value * relative_price_t)	template	Refurbishment quantity anchor.
REU	REU_OFMA_reuse_route_output	OFMA	IND_REU_REU_OFMA	reuse_route_output	IND_REU_REU_OFMA	constructed route output and second-life unit estimate	product_unit	P_IND_REU_REU_OFMA	benchmark_unit_value = benchmark_value / benchmark_physical_quantity	Q_t = Q0 * q_t using the model quantity index for the linked account	If only value outputs are exported, recover quantity as value_t / (benchmark_unit_value * relative_price_t)	template	Reuse quantity anchor.
REU	REU_OFMA_end_of_life_flow	OFMA	EOL_REU_OFMA	end_of_life_flow	EOL_REU_OFMA	retirement or discard estimate by family	product_unit	P_EOL_REU_OFMA	benchmark_unit_value = benchmark_value / benchmark_physical_quantity	Q_t = Q0 * q_t using the model quantity index for the linked account	If only value outputs are exported, recover quantity as value_t / (benchmark_unit_value * relative_price_t)	template	Benchmark end-of-life flow entering route allocation.
REU	REU_RATV_service_output	RATV	TST_REU_RATV	service_output	TST_REU_RATV	family-level use, stock, or turnover evidence	service_unit	P_TST_REU_RATV	benchmark_unit_value = benchmark_value / benchmark_physical_quantity	Q_t = Q0 * q_t using the model quantity index for the linked account	If only value outputs are exported, recover quantity as value_t / (benchmark_unit_value * relative_price_t)	template	Benchmark service quantity for the family-specific service composite.
REU	REU_RATV_new_route_output	RATV	IND_REU_NEW_RATV	new_route_output	IND_REU_NEW_RATV	observed benchmark output and product counts	product_unit	P_IND_REU_NEW_RATV	benchmark_unit_value = benchmark_value / benchmark_physical_quantity	Q_t = Q0 * q_t using the model quantity index for the linked account	If only value outputs are exported, recover quantity as value_t / (benchmark_unit_value * relative_price_t)	template	Benchmark quantity of newly produced CE-RISE products.
REU	REU_RATV_repair_route_output	RATV	IND_REU_REP_RATV	repair_route_output	IND_REU_REP_RATV	repair-event counts and benchmark route output	product_unit	P_IND_REU_REP_RATV	benchmark_unit_value = benchmark_value / benchmark_physical_quantity	Q_t = Q0 * q_t using the model quantity index for the linked account	If only value outputs are exported, recover quantity as value_t / (benchmark_unit_value * relative_price_t)	template	Repair quantity anchor; can also be expressed as repaired units.
REU	REU_RATV_refurbishment_route_output	RATV	IND_REU_REF_RATV	refurbishment_route_output	IND_REU_REF_RATV	constructed route output and refurbishment-unit estimate	product_unit	P_IND_REU_REF_RATV	benchmark_unit_value = benchmark_value / benchmark_physical_quantity	Q_t = Q0 * q_t using the model quantity index for the linked account	If only value outputs are exported, recover quantity as value_t / (benchmark_unit_value * relative_price_t)	template	Refurbishment quantity anchor.
REU	REU_RATV_reuse_route_output	RATV	IND_REU_REU_RATV	reuse_route_output	IND_REU_REU_RATV	constructed route output and second-life unit estimate	product_unit	P_IND_REU_REU_RATV	benchmark_unit_value = benchmark_value / benchmark_physical_quantity	Q_t = Q0 * q_t using the model quantity index for the linked account	If only value outputs are exported, recover quantity as value_t / (benchmark_unit_value * relative_price_t)	template	Reuse quantity anchor.
REU	REU_RATV_end_of_life_flow	RATV	EOL_REU_RATV	end_of_life_flow	EOL_REU_RATV	retirement or discard estimate by family	product_unit	P_EOL_REU_RATV	benchmark_unit_value = benchmark_value / benchmark_physical_quantity	Q_t = Q0 * q_t using the model quantity index for the linked account	If only value outputs are exported, recover quantity as value_t / (benchmark_unit_value * relative_price_t)	template	Benchmark end-of-life flow entering route allocation.
REU	REU_VMTL_EE_primary_metal_pool	ALL	VMTL_REU_EE	primary_material_pool	VMTL_REU_EE	CE-RISE-route intermediate demand assembled from BASIC_METALS and METAL_COMPONENTS	kg_metal	P_VMTL_REU_EE	benchmark_unit_value = benchmark_value / benchmark_physical_quantity	Q_t = Q0 * q_t using the primary-material quantity index	If only value outputs are exported, recover quantity as value_t / (benchmark_unit_value * relative_price_t)	template	Primary metal pool used by CE-RISE routes and anchored in explicit upstream sectors.
REU	REU_RMTL_EE_recycled_metal_pool	ALL	RMTL_REU_EE	secondary_material_pool	RMTL_REU_EE	recycling output and recovered-material evidence	kg_metal	P_RMTL_REU_EE	benchmark_unit_value = benchmark_value / benchmark_physical_quantity	Q_t = Q0 * q_t using the recycled-material quantity index	If only value outputs are exported, recover quantity as value_t / (benchmark_unit_value * relative_price_t)	template	Recycled metal pool supplied by the common recycling activity.
REU	REU_REC_EE_recycling_throughput	ALL	IND_REU_REC_EE	recycling_throughput	IND_REU_REC_EE	end-of-life mass routed to recycling	kg_eol	P_IND_REU_REC_EE	benchmark_unit_value = benchmark_value / benchmark_physical_quantity	Q_t = Q0 * q_t using the recycling-activity quantity index	If only value outputs are exported, recover quantity as value_t / (benchmark_unit_value * relative_price_t)	template	Physical throughput of end-of-life material sent to recycling.
REU	REU_INC_EE_disposal_throughput	ALL	IND_REU_INC_EE	disposal_throughput	IND_REU_INC_EE	end-of-life mass routed to disposal	kg_eol	P_IND_REU_INC_EE	benchmark_unit_value = benchmark_value / benchmark_physical_quantity	Q_t = Q0 * q_t using the disposal-activity quantity index	If only value outputs are exported, recover quantity as value_t / (benchmark_unit_value * relative_price_t)	template	Physical throughput of end-of-life material sent to incineration or landfill.
